"elapsedSeconds","intervalSeconds","processCount","privateMiB","workingSetMiB","cpuSeconds"
"0.2542309","0.2542309","13","391.77734375","866.7109375","0"
"1.4854497","1.2312188","13","391.75390625","866.69140625","0"
"2.685222","1.1997723","13","391.50390625","866.53515625","0"
"3.8407536","1.1555316000000002","13","367.3046875","842.48828125","0"
"5.013058","1.1723043999999998","13","367.3046875","842.48828125","0.03125"
"6.2048244","1.1917663999999997","13","367.3046875","842.48828125","0"
"7.3777512","1.1729268","13","367.3046875","842.48828125","0.015625"
"8.5706342","1.192883000000001","13","367.3046875","842.48828125","0"
"9.7825025","1.211868299999999","13","367.3046875","842.48828125","0"
"10.9730149","1.1905124000000011","13","367.3046875","842.48828125","0"
"12.147664","1.1746491","13","367.3046875","842.48828125","0"
"13.3319989","1.1843348999999996","13","367.3046875","842.51953125","0"
"14.5117811","1.1797822","13","367.3046875","842.51953125","0"
"15.7965829","1.2848018000000003","13","367.3046875","842.51953125","0"
"17.0180306","1.2214476999999988","13","367.3046875","842.51953125","0"
"18.197273","1.1792423999999997","13","367.3046875","842.51953125","0"
"19.3418214","1.1445484000000015","13","367.3046875","842.51953125","0"
"20.5138823","1.1720608999999982","13","367.3046875","842.51953125","0"
"21.6911648","1.1772825000000005","13","367.3046875","842.51953125","0"
"22.937712","1.246547200000002","13","367.3046875","842.51953125","0"
"24.1286976","1.1909855999999976","13","367.3046875","842.51953125","0"
"25.3082463","1.1795487000000016","13","367.22265625","842.4765625","0"
"26.4966975","1.1884511999999994","13","360.484375","827.26953125","0.109375"
"27.6897305","1.1930329999999998","13","359.46484375","826.73046875","0"
"28.9305341","1.2408035999999996","13","359.46484375","826.734375","0"
"30.1293478","1.1988137000000023","13","360.2421875","828.73828125","0"
"31.3147879","1.1854400999999974","13","359.765625","828.33203125","0"
"32.49289","1.1781021000000038","13","359.72265625","828.3671875","0"
"33.6553533","1.1624632999999989","13","359.72265625","828.3671875","0"
"34.8351719","1.1798185999999973","13","359.6796875","828.359375","0"
"36.0245561","1.1893841999999992","13","359.73046875","828.41015625","0.03125"
"37.2053596","1.1808035000000032","13","359.734375","828.4140625","0.015625"
"38.3812684","1.175908800000002","13","359.44140625","828.11328125","0"
"39.5656775","1.1844090999999963","13","359.44140625","828.11328125","0"
"40.7653605","1.1996830000000003","13","359.44140625","828.11328125","0"
"41.9651995","1.1998389999999972","13","359.4375","828.109375","0"
"43.1408003","1.175600800000005","13","359.41015625","828.4609375","0.03125"
"44.3294356","1.1886352999999943","13","359.41015625","828.4609375","0"
"45.4879184","1.1584828000000016","13","359.41015625","828.4765625","0"
"46.7919521","1.304033700000005","13","359.41015625","828.4765625","0"
"48.4453406","1.6533884999999984","13","359.41015625","828.4765625","0"
"49.633545","1.1882043999999965","13","359.41015625","828.4765625","0"
"50.804903","1.171358000000005","13","359.5703125","828.9140625","0"
"51.9474008","1.142497799999994","13","359.5703125","828.91796875","0"
"53.126458","1.1790572000000026","13","359.59765625","828.9453125","0.03125"
"54.2876471","1.1611891000000014","13","359.59765625","828.9453125","0"
"55.4964205","1.2087733999999983","13","359.6015625","828.94921875","0"
"56.6770289","1.180608400000004","13","368.9453125","837.5703125","0.046875"
"57.8592279","1.1821989999999971","13","368.78125","837.421875","0"
"59.0424015","1.1831735999999964","13","368.71484375","837.3671875","0"
