"elapsedSeconds","intervalSeconds","idleInterval","processCount","privateMiB","workingSetMiB","cpuSeconds"
"0.0995601","0.0995601","False","2","13.62109375","30.0078125","0.078125"
"1.2058347","1.1062746","False","8","182.56640625","381.73828125","2.1875"
"2.3663253","1.1604906000000001","False","8","365.0078125","587.59765625","2.640625"
"3.5298669","1.1635415999999998","False","8","450.98828125","689.07421875","1.65625"
"4.6872101","1.1573431999999997","False","8","444.91796875","682.98828125","0.03125"
"5.8412787","1.1540686000000004","False","8","442.97265625","683.09765625","0.046875"
"7.0047097","1.163431","True","8","446.73828125","694.37109375","0.203125"
"8.1659868","1.1612771000000004","True","8","446.8984375","694.71875","0.03125"
"9.3095169","1.1435300999999995","True","8","446.49609375","694.359375","0"
"10.4646074","1.1550905","True","8","446.296875","694.16015625","0"
